{
  "project_info": {
    "project_number": "868670859039",
    "firebase_url": "https://loaner-f9cde.firebaseio.com",
    "project_id": "loaner-f9cde",
    "storage_bucket": "loaner-f9cde.appspot.com"
  },
  "client": [
    {
      "client_info": {
        "mobilesdk_app_id": "1:868670859039:android:bf8aae30e92c20ffa2722a",
        "android_client_info": {
          "package_name": "com.thezeuismain.Loaner"
        }
      },
      "oauth_client": [
        {
          "client_id": "868670859039-44pie5jl1ak5t5e9ohks4hvl53l5e5du.apps.googleusercontent.com",
          "client_type": 3
        }
      ],
      "api_key": [
        {
          "current_key": "AIzaSyArcAKGiR1mHagiGDXlZFWPrM8ZloI1m1k"
        }
      ],
      "services": {
        "appinvite_service": {
          "other_platform_oauth_client": [
            {
              "client_id": "868670859039-44pie5jl1ak5t5e9ohks4hvl53l5e5du.apps.googleusercontent.com",
              "client_type": 3
            },
            {
              "client_id": "868670859039-vqdadv8iouuungf9ts0jev3bkpd83mci.apps.googleusercontent.com",
              "client_type": 2,
              "ios_info": {
                "bundle_id": "com.thezeuismain.Loaner"
              }
            }
          ]
        }
      }
    }
  ],
  "configuration_version": "1"
}